timestamp,profile,from_step_index,from_phase,from_role,to_step_index,to_phase,to_role,outcome,message
2026-02-08T14:46:05Z,smartbookmarker_realization,0,requirements,system_analyst,1,requirements,requirements_reviewer,advanced,Role complete with required outputs.
2026-02-08T14:46:05Z,smartbookmarker_realization,1,requirements,requirements_reviewer,2,requirements,human_engineer,advanced,Reviewer approved; advanced to next step.
2026-02-08T14:46:05Z,smartbookmarker_realization,2,requirements,human_engineer,3,architecture,architect,advanced,Gate REQ_FREEZE_APPROVAL approved; advanced.
2026-02-08T14:46:05Z,smartbookmarker_realization,3,architecture,architect,4,architecture,architecture_reviewer,advanced,Role complete with required outputs.
2026-02-08T14:46:05Z,smartbookmarker_realization,4,architecture,architecture_reviewer,5,implementation,backend_engineer,advanced,Reviewer approved; advanced to next step.
2026-02-08T14:46:05Z,smartbookmarker_realization,5,implementation,backend_engineer,6,implementation,frontend_engineer,advanced,Role complete with required outputs.
2026-02-08T14:46:06Z,smartbookmarker_realization,6,implementation,frontend_engineer,7,implementation,implementation_reviewer,advanced,Role complete with required outputs.
2026-02-08T14:46:06Z,smartbookmarker_realization,7,implementation,implementation_reviewer,8,verification,qa_engineer,advanced,Reviewer approved; advanced to next step.
2026-02-08T14:46:06Z,smartbookmarker_realization,8,verification,qa_engineer,9,verification,integration_tester,advanced,Role complete with required outputs.
2026-02-08T14:46:07Z,smartbookmarker_realization,9,verification,integration_tester,10,verification,security_engineer,advanced,Reviewer approved; advanced to next step.
2026-02-08T14:46:07Z,smartbookmarker_realization,10,verification,security_engineer,11,verification,ai_evaluator,advanced,Role complete with required outputs.
2026-02-08T14:46:07Z,smartbookmarker_realization,11,verification,ai_evaluator,12,release,release_manager,advanced,Role complete with required outputs.
2026-02-08T14:46:07Z,smartbookmarker_realization,12,release,release_manager,13,release,human_engineer,advanced,Role complete with required outputs.
2026-02-08T14:46:07Z,smartbookmarker_realization,13,release,human_engineer,13,release,human_engineer,blocked,Human approval required for gate RELEASE_APPROVAL; question=Q-GATE-RELEASE_APPROVAL-20260208144607.
2026-02-08T14:46:21Z,smartbookmarker_realization,13,release,human_engineer,14,done,orchestrator,advanced,Gate RELEASE_APPROVAL approved; advanced.
